Year,Sector,region,SAUP,FGroup,Reported,IUU,Discards
1950,industrial,Prydz.Bay,710,demersal<30cm,2.89522997,0.097869999,0.453210004
1950,artisanal,Prydz.Bay,710,demersal<30cm,0.619409992,4.018399935,0.06825
1950,industrial,Prydz.Bay,710,rays<90cm,0.135859999,0.0087,0.08461
1951,industrial,Prydz.Bay,548,demersal<30cm,0.53846997,3.886859894,0.01508
1951,industrial,Prydz.Bay,710,demersal<30cm,1.825259977,0.087569999,0.401160005
1951,artisanal,Prydz.Bay,710,demersal<30cm,1.438040039,9.249150119,0.08755
1951,industrial,Prydz.Bay,710,rays<90cm,0.06298,0.00401,0.039219999
1952,industrial,Prydz.Bay,710,demersal<30cm,23.6970399,0.908800019,1.720219966
1952,artisanal,Prydz.Bay,710,demersal<30cm,995.4667246,6346.758413,7.676319826
1952,industrial,Prydz.Bay,710,rays<90cm,0.102129999,0.00653,0.063650001
1953,industrial,Prydz.Bay,710,demersal<30cm,10.81279017,0.654379995,3.988310023
1953,artisanal,Prydz.Bay,710,demersal<30cm,2.125379991,13.43148978,0.141220005
1953,industrial,Prydz.Bay,710,rays<90cm,0.077869999,0.00492,0.048510001
1954,artisanal,Prydz.Bay,16,demersal<30cm,1E-04,0.00046,9E-05
1954,artisanal,Prydz.Bay,76,demersal<30cm,0.00138,0.00756,0.0012
1954,artisanal,Prydz.Bay,356,demersal<30cm,0.00195,0.01341,0.0017
1954,industrial,Prydz.Bay,710,demersal<30cm,7.423040019,0.323730003,1.136990025
1954,artisanal,Prydz.Bay,710,demersal<30cm,4.541350013,28.44543005,0.396859996
1954,industrial,Prydz.Bay,710,rays<90cm,0.218019998,0.01391,0.135800001
1955,artisanal,Prydz.Bay,104,demersal<30cm,0.00546,0.042490002,0.00015
1955,industrial,Prydz.Bay,710,demersal<30cm,6.950459953,0.429620002,0.397560001
1955,artisanal,Prydz.Bay,710,demersal<30cm,6.279080028,38.9784595,2.923930067
1955,industrial,Prydz.Bay,710,rays<90cm,0.342739998,0.0219,0.213570004
1956,artisanal,Prydz.Bay,638,demersal<30cm,0.0048,0.021749999,0.00419
1956,industrial,Prydz.Bay,710,demersal<30cm,110.0482506,7.796430009,67.138122
1956,artisanal,Prydz.Bay,710,demersal<30cm,1.885309957,11.59769029,0.05038
1956,industrial,Prydz.Bay,710,rays<90cm,0.11019,0.00705,0.068649998
1957,industrial,Prydz.Bay,710,demersal<30cm,25.65737955,1.755610004,12.14033992
1957,artisanal,Prydz.Bay,710,demersal<30cm,14.4175001,87.88416195,3.056689941
1957,industrial,Prydz.Bay,710,rays<90cm,0.297569997,0.01898,0.185369999
1958,industrial,Prydz.Bay,710,demersal<30cm,9.99214002,0.692379977,5.900179783
1958,artisanal,Prydz.Bay,710,demersal<30cm,5.072319887,30.63504985,1.648810013
1958,industrial,Prydz.Bay,710,rays<90cm,0.474150014,0.03024,0.295399998
1959,industrial,Prydz.Bay,710,demersal<30cm,177.9800728,12.62875029,109.5268769
1959,artisanal,Prydz.Bay,710,demersal<30cm,2.502740043,14.97552977,0.120079999
1959,industrial,Prydz.Bay,710,rays<90cm,0.403009996,0.025720001,0.251099997
1960,industrial,Prydz.Bay,36,demersal<30cm,0.00038,4E-05,1E-05
1960,industrial,Prydz.Bay,710,demersal<30cm,91.14472701,0.443510013,4.447649968
1960,artisanal,Prydz.Bay,710,demersal<30cm,1.582739978,9.382139771,0.814540023
1960,industrial,Prydz.Bay,710,rays<90cm,9.069080165,0.578839996,5.650040213
1961,industrial,Prydz.Bay,710,demersal<30cm,4.133009936,0.277420004,1.930659968
1961,artisanal,Prydz.Bay,710,demersal<30cm,2.795379966,16.41350013,0.119999999
1961,industrial,Prydz.Bay,710,rays<90cm,42.48482093,2.711879892,26.46803075
1962,industrial,Prydz.Bay,710,demersal<30cm,135.6764512,0.53189,3.353530074
1962,artisanal,Prydz.Bay,710,demersal<30cm,40.21444959,233.8736028,0.333230005
1962,industrial,Prydz.Bay,710,rays<90cm,1.389770057,0.088709998,0.865799995
1963,industrial,Prydz.Bay,710,demersal<30cm,102.1811781,6.405929851,0.914769971
1963,artisanal,Prydz.Bay,710,demersal<30cm,3.79075998,21.83345024,2.391050104
1963,industrial,Prydz.Bay,710,rays<90cm,0.132140001,0.00841,0.082329999
1964,industrial,Prydz.Bay,710,demersal<30cm,3.21243999,0.195109995,1.386750039
1964,artisanal,Prydz.Bay,710,demersal<30cm,2.355620036,13.43585025,0.05227
1965,industrial,Prydz.Bay,710,demersal<30cm,4.249560002,0.256779997,0.309509994
1965,artisanal,Prydz.Bay,710,demersal<30cm,1.279050015,7.223820051,0.063999999
1965,industrial,Prydz.Bay,710,rays<90cm,0.211650003,0.01297,0.131849999
1966,industrial,Prydz.Bay,710,demersal<30cm,7.37194023,0.468230007,3.844970061
1966,artisanal,Prydz.Bay,710,demersal<30cm,8.097210012,45.2768694,4.925120207
1966,industrial,Prydz.Bay,710,rays<90cm,0.303430002,0.0186,0.189030007
1967,industrial,Prydz.Bay,710,demersal<30cm,129.2241435,8.580289972,79.50388808
1967,artisanal,Prydz.Bay,710,demersal<30cm,2.228260046,12.33490031,0.071149999
1967,industrial,Prydz.Bay,710,rays<90cm,0.05172,0.00312,0.03223
1968,artisanal,Prydz.Bay,548,demersal<30cm,0.526459992,3.298979998,0.00369
1968,industrial,Prydz.Bay,710,demersal<30cm,37.80998958,2.578909942,21.70561081
1968,artisanal,Prydz.Bay,710,demersal<30cm,18.15929986,99.50663042,15.24430985
1968,industrial,Prydz.Bay,710,rays<90cm,0.02631,0.00162,0.0164
1969,industrial,Prydz.Bay,710,demersal<30cm,12.00812966,0.75270997,5.153019827
1969,artisanal,Prydz.Bay,710,demersal<30cm,1.41523999,7.675930027,0.593809995
1969,industrial,Prydz.Bay,710,rays<90cm,0.02753,0.00168,0.01712
1970,artisanal,Prydz.Bay,258,demersal<30cm,0.00152,0.0057,1E-05
1970,industrial,Prydz.Bay,554,demersal<30cm,0.0003,0,0.00018
1970,industrial,Prydz.Bay,643,demersal<30cm,0.00099,0,0.00062
1970,industrial,Prydz.Bay,710,demersal<30cm,0.856199998,0.03471,0.119489996
1970,artisanal,Prydz.Bay,710,demersal<30cm,0.506360009,2.718100031,0.031879999
1970,industrial,Prydz.Bay,710,rays<90cm,0.097410002,0.00598,0.060680001
1971,industrial,Prydz.Bay,643,demersal<30cm,0.627369997,0.00052,0.131550001
1971,industrial,Prydz.Bay,643,benthopelagic30-90cm,14.28585034,0.0125,8.900069782
1971,industrial,Prydz.Bay,643,benthopelagic>=90cm,6.937719955,0.00609,4.32218004
1971,industrial,Prydz.Bay,710,demersal<30cm,4.647270034,0.250479996,2.262789948
1971,artisanal,Prydz.Bay,710,demersal<30cm,18.43167983,97.90287189,0.216580002
1971,industrial,Prydz.Bay,710,rays<90cm,0.060690002,0.00371,0.037820001
1972,industrial,Prydz.Bay,643,demersal<30cm,151.8589268,0.132750002,88.60741946
1972,industrial,Prydz.Bay,643,benthopelagic30-90cm,70.67164676,0.06188,44.02848175
1972,industrial,Prydz.Bay,643,benthopelagic>=90cm,5.997510074,0.00526,3.736450004
1972,industrial,Prydz.Bay,710,demersal<30cm,3.554950011,0.118019998,1.010009973
1972,artisanal,Prydz.Bay,710,demersal<30cm,3.228109978,16.96580041,0.04264
1972,industrial,Prydz.Bay,710,rays<90cm,0.0287,0.00174,0.01786
1973,industrial,Prydz.Bay,643,demersal<30cm,1.73270002,0.00143,0.283390007
1973,industrial,Prydz.Bay,643,benthopelagic30-90cm,0.339919998,0.00028,0.2118
1973,industrial,Prydz.Bay,643,benthopelagic>=90cm,1.728970014,0.0015,1.077129994
1973,industrial,Prydz.Bay,710,demersal<30cm,5.466819959,0.339200001,0.410229994
1973,artisanal,Prydz.Bay,710,demersal<30cm,2.382389975,12.38751963,0.03054
1973,industrial,Prydz.Bay,710,rays<90cm,0.104580003,0.00641,0.065169999
1974,industrial,Prydz.Bay,288,rays<90cm,0.01804,0.00227,0.01124
1974,industrial,Prydz.Bay,392,krill,184.1437009,5.565169999,6.260859993
1974,industrial,Prydz.Bay,643,demersal<30cm,206.6071473,0.180920005,126.8168708
1974,industrial,Prydz.Bay,643,benthopelagic30-90cm,27.16967931,0.02375,16.92670026
1974,industrial,Prydz.Bay,643,benthopelagic>=90cm,1.417440026,0.00127,0.883039997
1974,industrial,Prydz.Bay,710,demersal<30cm,0.658729995,0.03843,0.090589998
1974,artisanal,Prydz.Bay,710,demersal<30cm,0.342159998,1.760060036,0.01313
1974,industrial,Prydz.Bay,710,rays<90cm,0.01243,0.00074,0.00773
1975,industrial,Prydz.Bay,392,krill,2973.475095,89.86434027,101.0981705
1975,industrial,Prydz.Bay,643,demersal<30cm,1.088719983,0.00093,0.174799998
1975,industrial,Prydz.Bay,643,benthopelagic30-90cm,4.430019922,0.00381,2.75989002
1975,industrial,Prydz.Bay,643,benthopelagic>=90cm,0.504569998,0.00042,0.314390003
1975,industrial,Prydz.Bay,710,demersal<30cm,7.033009914,0.421989994,3.264869894
1975,artisanal,Prydz.Bay,710,demersal<30cm,0.572889992,2.914520042,0.146100006
1975,industrial,Prydz.Bay,710,rays<90cm,0.075829999,0.00453,0.047260001
1976,industrial,Prydz.Bay,152,krill,0.00437,0.00013,0.00015
1976,industrial,Prydz.Bay,392,krill,6036.767808,182.4431905,205.2500987
1976,industrial,Prydz.Bay,643,demersal<30cm,0.377569995,0.00032,0.169949995
1976,industrial,Prydz.Bay,643,benthopelagic30-90cm,12.08685046,0.01052,7.530089863
1976,industrial,Prydz.Bay,643,benthopelagic>=90cm,1.259279991,0.00106,0.784539994
1976,industrial,Prydz.Bay,710,demersal<30cm,11.45457998,0.712769983,0.188799998
1976,artisanal,Prydz.Bay,710,demersal<30cm,0.309579993,1.557669967,0.11642
1976,industrial,Prydz.Bay,710,rays<90cm,0.068959999,0.00394,0.042979999
1976,artisanal,Prydz.Bay,710,rays<90cm,0.00071,0.00355,0.00061
1977,industrial,Prydz.Bay,392,pelagic30-90cm,1.185610011,0.00101,0.738620015
1977,industrial,Prydz.Bay,392,demersal<30cm,0.512419991,0.00043,0.0288
1977,industrial,Prydz.Bay,392,bathydemersal>=90cm,0.00371,0,7E-05
1977,industrial,Prydz.Bay,392,benthopelagic30-90cm,0.649339972,0.00054,0.404560006
1977,industrial,Prydz.Bay,392,benthopelagic>=90cm,0.05429,2E-05,0.03382
1977,industrial,Prydz.Bay,392,krill,11367.64402,343.5529593,386.4999216
1977,industrial,Prydz.Bay,616,pelagic30-90cm,1.066299973,0.00093,0.664269994
1977,industrial,Prydz.Bay,616,demersal<30cm,0.04958,0.00137,0.01321
1977,industrial,Prydz.Bay,616,bathydemersal>=90cm,0.00189,0,4E-05
1977,industrial,Prydz.Bay,616,benthopelagic30-90cm,0.245320004,0.00021,0.152859997
1977,industrial,Prydz.Bay,643,demersal<30cm,3.444819995,0.00301,2.141419999
1977,industrial,Prydz.Bay,643,benthopelagic30-90cm,1.701590031,0.00146,1.0601
1977,industrial,Prydz.Bay,643,benthopelagic>=90cm,1.353599993,0.00117,0.843280005
1977,industrial,Prydz.Bay,710,demersal<30cm,60.78424871,4.306790151,35.9823584
1977,artisanal,Prydz.Bay,710,demersal<30cm,0.23037,1.146260013,0.03569
1978,industrial,Prydz.Bay,340,demersal<30cm,0.00123,3E-05,0.00077
1978,industrial,Prydz.Bay,392,pelagic30-90cm,0.01688,1E-05,0.01051
1978,industrial,Prydz.Bay,392,demersal<30cm,0.12669,1E-04,0.025779999
1978,industrial,Prydz.Bay,392,bathydemersal>=90cm,0.01276,1E-05,0.00025
1978,industrial,Prydz.Bay,392,benthopelagic30-90cm,0.077069999,5E-05,0.047989999
1978,industrial,Prydz.Bay,392,benthopelagic>=90cm,0.00198,0,0.00123
1978,industrial,Prydz.Bay,392,krill,21670.78402,654.9344616,736.8066715
1978,industrial,Prydz.Bay,616,pelagic30-90cm,9.207449839,0.00804,5.736250054
1978,industrial,Prydz.Bay,616,demersal<30cm,0.091490001,0.00323,0.01472
1978,industrial,Prydz.Bay,616,benthopelagic30-90cm,0.159589996,0.00602,0.099450001
1978,industrial,Prydz.Bay,643,pelagic<30cm,8.233210268,0.00718,5.129299963
1978,industrial,Prydz.Bay,643,pelagic30-90cm,24.15727982,0.02117,15.05002003
1978,industrial,Prydz.Bay,643,demersal<30cm,3.01341004,0.00256,0.644410005
1978,industrial,Prydz.Bay,643,bathydemersal>=90cm,0.00387,0,8E-05
1978,industrial,Prydz.Bay,643,benthopelagic30-90cm,16.33298007,0.01431,10.1753901
1978,industrial,Prydz.Bay,643,benthopelagic>=90cm,2.513750018,0.00217,1.566040008
1978,industrial,Prydz.Bay,643,krill,266.246642,8.046500082,9.05236
1978,industrial,Prydz.Bay,710,rays<90cm,4.749299783,0.291680005,2.958799914
1978,industrial,Prydz.Bay,710,lobsterscrab,0.00407,0,0
1979,industrial,Prydz.Bay,250,pelagic30-90cm,0.04022,2E-05,0.02504
1979,industrial,Prydz.Bay,250,benthopelagic30-90cm,0.066370002,6E-05,0.041360001
1979,industrial,Prydz.Bay,250,benthopelagic>=90cm,0.00105,0,0.00065
1979,industrial,Prydz.Bay,250,krill,5.999990046,0.181330003,0.204
1979,industrial,Prydz.Bay,392,krill,32918.83526,994.8729588,1119.240434
1979,industrial,Prydz.Bay,410,krill,448.8880887,13.56629991,15.26218015
1979,industrial,Prydz.Bay,616,pelagic30-90cm,1.904439975,0.00168,1.186490026
1979,industrial,Prydz.Bay,616,demersal<30cm,0.01538,0.00036,0.00322
1979,industrial,Prydz.Bay,616,bathydemersal>=90cm,0.00039,0,1E-05
1979,industrial,Prydz.Bay,616,benthopelagic30-90cm,1.180980028,0.00099,0.735750003
1979,industrial,Prydz.Bay,616,benthopelagic>=90cm,0.03612,2E-05,0.02251
1979,industrial,Prydz.Bay,643,pelagic<30cm,0.846070016,0.00074,0.527130006
1979,industrial,Prydz.Bay,643,demersal<30cm,0.07754,6E-05,0.02868
1979,industrial,Prydz.Bay,643,krill,674.5110179,20.38500995,22.93336991
1979,industrial,Prydz.Bay,710,cephalopods,0.522919994,0.0019,0.00754
1980,industrial,Prydz.Bay,392,krill,464.4806491,14.03755003,15.79234003
1980,industrial,Prydz.Bay,643,pelagic<30cm,0.581440022,0.00051,0.36223
1980,industrial,Prydz.Bay,643,pelagic30-90cm,3.188650044,0.00273,1.986580036
1980,industrial,Prydz.Bay,643,demersal<30cm,1.010799981,0.00085,0.214330002
1980,industrial,Prydz.Bay,643,bathydemersal>=90cm,0.01377,1E-05,0.00028
1980,industrial,Prydz.Bay,643,benthopelagic30-90cm,62.88878835,0.055069998,39.1796997
1980,industrial,Prydz.Bay,643,benthopelagic>=90cm,2.287209995,0.002,1.424950012
1980,industrial,Prydz.Bay,643,krill,654.370567,20.27426013,22.24863009
1980,industrial,Prydz.Bay,710,lobsterscrab,1.942130014,0.00822,0.00971
1981,industrial,Prydz.Bay,250,pelagic30-90cm,0.05006,0,0.03117
1981,industrial,Prydz.Bay,250,benthopelagic30-90cm,0.028389999,2E-05,0.017700001
1981,industrial,Prydz.Bay,250,benthopelagic>=90cm,0.48015,0.0004,0.299160001
1981,industrial,Prydz.Bay,392,krill,357.9089904,10.81677,12.16889011
1981,industrial,Prydz.Bay,410,benthopelagic30-90cm,0.00225,0.00031,0.0014
1981,industrial,Prydz.Bay,410,krill,88.94038934,2.687990001,3.023960032
1981,industrial,Prydz.Bay,643,pelagic30-90cm,8.431869959,0.00734,5.253090069
1981,industrial,Prydz.Bay,643,demersal<30cm,0.374230005,0.00029,0.155109997
1981,industrial,Prydz.Bay,643,bathydemersal>=90cm,0.01715,1E-05,0.00033
1981,industrial,Prydz.Bay,643,benthopelagic30-90cm,0.647430006,0.00055,0.403389998
1981,industrial,Prydz.Bay,643,benthopelagic>=90cm,0.822209998,0.00071,0.512250005
1981,industrial,Prydz.Bay,643,krill,991.4751858,29.96438963,33.71015986
1981,industrial,Prydz.Bay,710,cephalopods,0.032050001,0.00012,0.00105
1981,industrial,Prydz.Bay,710,lobsterscrab,3.39158009,0.01435,0.01696
1982,industrial,Prydz.Bay,250,pelagic30-90cm,8.304590096,0.00719,5.173769831
1982,industrial,Prydz.Bay,250,bathydemersal>=90cm,3E-05,0,0
1982,industrial,Prydz.Bay,250,benthopelagic30-90cm,0.03104,3E-05,0.019350001
1982,industrial,Prydz.Bay,250,benthopelagic>=90cm,0.270910004,0.00023,0.168719998
1982,industrial,Prydz.Bay,392,krill,234.5849497,7.089679977,7.975879993
1982,industrial,Prydz.Bay,410,krill,1658.720128,50.12987,56.39649
1982,industrial,Prydz.Bay,643,pelagic<30cm,0.415570011,0.00036,0.258899998
1982,industrial,Prydz.Bay,643,pelagic30-90cm,155.634083,0.136319995,96.95999223
1982,industrial,Prydz.Bay,643,demersal<30cm,129.2923885,0.113220003,80.25205682
1982,industrial,Prydz.Bay,643,bathydemersal>=90cm,0.00519,0,0.00011
1982,industrial,Prydz.Bay,643,benthopelagic30-90cm,5.339719959,0.00464,3.326610027
1982,industrial,Prydz.Bay,643,benthopelagic>=90cm,0.580100003,0.00048,0.36141
1982,industrial,Prydz.Bay,643,krill,983.7121484,29.72974979,33.44614
1982,industrial,Prydz.Bay,710,cephalopods,1.02816999,0.00375,0.0162
1982,industrial,Prydz.Bay,710,lobsterscrab,2.490359992,0.01055,0.01246
1983,industrial,Prydz.Bay,250,pelagic30-90cm,11.38643035,0.00987,7.093769804
1983,industrial,Prydz.Bay,250,benthopelagic30-90cm,0.02195,2E-05,0.01368
1983,industrial,Prydz.Bay,250,benthopelagic>=90cm,0.01947,0,0.01212
1983,industrial,Prydz.Bay,392,krill,247.5560702,7.481630008,8.416940018
1983,industrial,Prydz.Bay,410,krill,1337.844938,40.4323298,45.48680033
1983,industrial,Prydz.Bay,643,pelagic<30cm,1.524419995,0.0013,0.949700006
1983,industrial,Prydz.Bay,643,pelagic30-90cm,14.35927951,0.01257,8.945839857
1983,industrial,Prydz.Bay,643,demersal<30cm,6.153560034,0.00536,3.01620995
1983,industrial,Prydz.Bay,643,bathydemersal>=90cm,0.01449,0,0.00028
1983,industrial,Prydz.Bay,643,benthopelagic30-90cm,22.49018923,0.01958,14.01140959
1983,industrial,Prydz.Bay,643,benthopelagic>=90cm,0.813349993,0.00069,0.506699995
1983,industrial,Prydz.Bay,643,krill,391.8716183,11.84308005,13.32366004
1983,industrial,Prydz.Bay,710,cephalopods,0.183470004,0.00067,0.00318
1983,industrial,Prydz.Bay,710,lobsterscrab,0.157729998,0.00067,0.00079
1984,industrial,Prydz.Bay,100,benthopelagic30-90cm,0.00017,1E-05,0.00011
1984,industrial,Prydz.Bay,250,pelagic30-90cm,3.935009948,0.00337,2.45148994
1984,industrial,Prydz.Bay,250,benthopelagic30-90cm,0.00347,0,0.00216
1984,industrial,Prydz.Bay,250,benthopelagic>=90cm,0.00915,0,0.00569
1984,industrial,Prydz.Bay,250,rays<90cm,0.366380004,0.021849999,0.228250004
1984,industrial,Prydz.Bay,392,krill,99.03657229,2.993109981,3.367250012
1984,industrial,Prydz.Bay,410,benthopelagic30-90cm,0.00169,0.00024,0.00106
1984,industrial,Prydz.Bay,410,krill,2407.530249,72.76037992,81.85604986
1984,industrial,Prydz.Bay,643,pelagic<30cm,3.551200076,0.00304,2.212399941
1984,industrial,Prydz.Bay,643,pelagic30-90cm,10.39628975,0.009,6.476889779
1984,industrial,Prydz.Bay,643,demersal<30cm,0.298209997,0.00025,0.04987
1984,industrial,Prydz.Bay,643,bathydemersal>=90cm,0.199740002,0.00017,0.004
1984,industrial,Prydz.Bay,643,benthopelagic30-90cm,47.59181864,0.041700002,29.64969031
1984,industrial,Prydz.Bay,643,benthopelagic>=90cm,0.418020004,0.00033,0.26042
1984,industrial,Prydz.Bay,643,krill,114.1765986,3.450600018,3.881940032
1984,industrial,Prydz.Bay,710,cephalopods,0.00431,2E-05,0.00015
1984,industrial,Prydz.Bay,710,lobsterscrab,1.514779955,0.00641,0.00758
1985,industrial,Prydz.Bay,250,pelagic30-90cm,7.295769917,0.00629,4.54526019
1985,industrial,Prydz.Bay,250,bathydemersal>=90cm,0.00187,0,4E-05
1985,industrial,Prydz.Bay,250,benthopelagic30-90cm,0.040759998,4E-05,0.025389999
1985,industrial,Prydz.Bay,250,benthopelagic>=90cm,0.00028,0,0.00018
1985,industrial,Prydz.Bay,250,rays<90cm,0.00054,2E-05,0.00034
1985,industrial,Prydz.Bay,392,krill,68.89471989,2.082149997,2.342420007
1985,industrial,Prydz.Bay,616,pelagic30-90cm,0.01074,1E-05,0.00669
1985,industrial,Prydz.Bay,643,pelagic<30cm,2.207020027,0.00186,1.374929955
1985,industrial,Prydz.Bay,643,pelagic30-90cm,2.422300012,0.00216,1.509060004
1985,industrial,Prydz.Bay,643,demersal<30cm,4.762510229,0.00415,2.961480065
1985,industrial,Prydz.Bay,643,demersal30-90cm,0.048780002,4E-05,0.03039
1985,industrial,Prydz.Bay,643,bathydemersal>=90cm,0.099299999,8E-05,0.00198
1985,industrial,Prydz.Bay,643,benthopelagic30-90cm,348.6063715,0.305370013,217.1817591
1985,industrial,Prydz.Bay,643,benthopelagic>=90cm,0.206060001,0.00014,0.12706
1985,industrial,Prydz.Bay,643,krill,433.1560782,13.09082006,14.72725998
1985,industrial,Prydz.Bay,710,cephalopods,0.256399997,0.00093,0.00417
1985,industrial,Prydz.Bay,710,lobsterscrab,0.349060014,0.00148,0.00175
1986,industrial,Prydz.Bay,100,benthopelagic30-90cm,0.00125,8E-05,0.00078
1986,industrial,Prydz.Bay,250,pelagic30-90cm,0.360750014,0.00031,0.224740006
1986,industrial,Prydz.Bay,250,bathydemersal>=90cm,0.00374,0,8E-05
1986,industrial,Prydz.Bay,250,benthopelagic>=90cm,0.00011,0,7E-05
1986,artisanal,Prydz.Bay,344,lobsterscrab,0.09358,0.255600005,0.03039
1986,industrial,Prydz.Bay,392,krill,75.54092004,2.283000019,2.568379984
1986,industrial,Prydz.Bay,643,pelagic<30cm,7.247640238,0.00629,4.515299802
1986,industrial,Prydz.Bay,643,pelagic30-90cm,5.770290101,0.00503,3.594889933
1986,industrial,Prydz.Bay,643,demersal<30cm,30.75847997,0.026919999,19.1624708
1986,industrial,Prydz.Bay,643,demersal30-90cm,0.03373,3E-05,0.021020001
1986,industrial,Prydz.Bay,643,bathydemersal>=90cm,0.172209998,0.00015,0.00345
1986,industrial,Prydz.Bay,643,benthopelagic30-90cm,497.669013,0.435949992,310.0478152
1986,industrial,Prydz.Bay,643,benthopelagic>=90cm,0.06709,3E-05,0.03831
1986,industrial,Prydz.Bay,643,krill,517.1462614,15.62911004,17.5829501
1986,industrial,Prydz.Bay,710,cephalopods,0.314579999,0.00115,0.01037
1986,industrial,Prydz.Bay,710,lobsterscrab,0.528180011,0.00225,0.00265
1986,industrial,Prydz.Bay,724,pelagic30-90cm,0.00047,0,0.00029
1986,industrial,Prydz.Bay,724,demersal30-90cm,0.102310002,9E-05,0.00205
1986,industrial,Prydz.Bay,840,pelagic30-90cm,4E-05,0,2E-05
1987,industrial,Prydz.Bay,100,benthopelagic30-90cm,6E-05,0,4E-05
1987,industrial,Prydz.Bay,392,krill,113.7391526,3.437419996,3.867160027
1987,industrial,Prydz.Bay,616,pelagic30-90cm,0.00671,1E-05,0.00418
1987,industrial,Prydz.Bay,643,pelagic<30cm,0.167330007,0.00014,0.104229999
1987,industrial,Prydz.Bay,643,pelagic30-90cm,5.746409913,0.00502,3.580000053
1987,industrial,Prydz.Bay,643,demersal<30cm,0.03528,3E-05,0.01542
1987,industrial,Prydz.Bay,643,bathydemersal>=90cm,0.0018,3E-05,3E-05
1987,industrial,Prydz.Bay,643,benthopelagic30-90cm,178.9585473,0.156720007,111.4910938
1987,industrial,Prydz.Bay,643,benthopelagic>=90cm,0.01563,1E-05,0.00973
1987,industrial,Prydz.Bay,643,krill,3250.677096,98.24198082,110.5230058
1987,industrial,Prydz.Bay,710,lobsterscrab,1.47044,0.00623,0.00735
1987,industrial,Prydz.Bay,724,demersal<30cm,1E-05,0,0
1988,industrial,Prydz.Bay,32,rays<90cm,0.0016,1E-04,0.001
1988,industrial,Prydz.Bay,276,pelagic30-90cm,0.00085,0,0.00053
1988,artisanal,Prydz.Bay,344,lobsterscrab,0.273079991,0.715340018,0.088699996
1988,industrial,Prydz.Bay,643,pelagic<30cm,1.667009991,0.00145,1.038540007
1988,industrial,Prydz.Bay,643,pelagic30-90cm,6.21088997,0.00544,3.869360031
1988,industrial,Prydz.Bay,643,demersal<30cm,8.399729729,0.00736,0.041999999
1988,industrial,Prydz.Bay,643,benthopelagic30-90cm,506.6853619,0.443869996,315.6649745
1988,industrial,Prydz.Bay,643,benthopelagic>=90cm,0.00952,1E-05,0.00593
1988,industrial,Prydz.Bay,643,krill,282.2752903,8.530939955,9.597389966
1988,industrial,Prydz.Bay,710,lobsterscrab,0.071639999,0.0003,0.00036
1988,industrial,Prydz.Bay,826,pelagic30-90cm,0.00058,0,0.00036
1989,industrial,Prydz.Bay,152,bathydemersal>=90cm,0.00108,9E-05,2E-05
1989,industrial,Prydz.Bay,392,krill,110.9548594,4.271980005,3.772459891
1989,industrial,Prydz.Bay,643,pelagic<30cm,0.199829995,0.00022,0.12452
1989,industrial,Prydz.Bay,643,demersal<30cm,0.049890001,5E-05,0.02777
1989,industrial,Prydz.Bay,643,demersal30-90cm,26.0267291,0.02905,16.21466914
1989,industrial,Prydz.Bay,643,benthopelagic30-90cm,36.81783051,0.041039999,22.93751922
1989,industrial,Prydz.Bay,643,benthopelagic>=90cm,0.00445,0,9E-05
1989,industrial,Prydz.Bay,643,krill,235.1839396,9.055050071,7.99623008
1989,industrial,Prydz.Bay,710,lobsterscrab,0.09575,0.00052,0.00048
1989,artisanal,Prydz.Bay,710,lobsterscrab,0.715720012,3.080230049,0.232470001
1989,industrial,Prydz.Bay,724,demersal<30cm,2.779609988,0.260579998,0.196400006
1989,industrial,Prydz.Bay,724,demersal30-90cm,0.00253,0,5E-05
1990,industrial,Prydz.Bay,250,benthopelagic30-90cm,0.10751,0.027389999,0.066979997
1990,industrial,Prydz.Bay,392,krill,184.9864497,5.590649975,6.289570039
1990,industrial,Prydz.Bay,643,demersal<30cm,0.063079999,6E-05,0.032940001
1990,industrial,Prydz.Bay,643,demersal30-90cm,123.7462333,0.108390001,77.09390838
1990,industrial,Prydz.Bay,643,benthopelagic30-90cm,1329.72604,1.164859956,828.4193135
1990,industrial,Prydz.Bay,643,benthopelagic>=90cm,0.02365,2E-05,0.00047
1990,industrial,Prydz.Bay,643,krill,117.7164309,3.55760999,4.002359988
1990,industrial,Prydz.Bay,710,cephalopods,0.0062,0.00162,0.00019
1990,industrial,Prydz.Bay,710,lobsterscrab,1.042949971,0.01476,0.016170001
1990,industrial,Prydz.Bay,724,demersal<30cm,14.86144042,1.255799982,0.214219993
1990,industrial,Prydz.Bay,724,demersal30-90cm,0.091430001,8E-05,0.00183
1990,industrial,Prydz.Bay,862,lobsterscrab,0.00203,7E-05,0.00047
1991,industrial,Prydz.Bay,36,pelagic<30cm,0.0024,0,0.0015
1991,industrial,Prydz.Bay,36,demersal30-90cm,0.007,0,0.00062
1991,industrial,Prydz.Bay,36,bathypelagic<30cm,0.00049,0,0.0002
1991,industrial,Prydz.Bay,36,benthopelagic30-90cm,0.00409,0,0.00255
1991,industrial,Prydz.Bay,36,benthopelagic>=90cm,0.00038,0,1E-05
1991,industrial,Prydz.Bay,36,rays<90cm,0.00417,1E-05,0.0026
1991,industrial,Prydz.Bay,250,benthopelagic30-90cm,0.036029998,0.00918,0.02244
1991,industrial,Prydz.Bay,392,krill,125.2252606,3.784559974,4.257640029
1991,industrial,Prydz.Bay,710,lobsterscrab,1.229320019,0.0052,0.00615
1991,industrial,Prydz.Bay,840,demersal<30cm,3E-05,0,2E-05
1992,industrial,Prydz.Bay,250,benthopelagic30-90cm,0.079620004,0.02028,0.049600001
1992,industrial,Prydz.Bay,266,lobsterscrab,0.00027,0.00016,6E-05
1992,industrial,Prydz.Bay,392,krill,190.9647635,5.771339917,6.492789969
1992,industrial,Prydz.Bay,710,lobsterscrab,0.636710018,0.0027,0.00319
1993,industrial,Prydz.Bay,250,benthopelagic30-90cm,0.035379998,0.00901,0.02204
1993,industrial,Prydz.Bay,392,krill,38.60130024,1.166599996,1.312439996
1993,industrial,Prydz.Bay,710,cephalopods,0.01272,0.00128,0.00269
1993,industrial,Prydz.Bay,710,lobsterscrab,0.699500024,0.00296,0.00349
1994,industrial,Prydz.Bay,250,benthopelagic30-90cm,0.01887,0.00481,0.01175
1994,industrial,Prydz.Bay,392,krill,165.152309,4.991219975,5.615189953
1995,industrial,Prydz.Bay,392,krill,137.5000184,3.98472999,4.674999914
1995,industrial,Prydz.Bay,710,demersal30-90cm,0.600039987,0.02903,0.373829993
1996,industrial,Prydz.Bay,616,krill,0.083590001,0.00242,0.00284
1997,industrial,Prydz.Bay,36,bathydemersal>=90cm,0.281509995,0.00061,0.00563
1997,industrial,Prydz.Bay,528,benthopelagic>=90cm,0.333920007,0.00104,0.154279999
1999,industrial,Prydz.Bay,36,bathydemersal>=90cm,0.026620001,5E-05,0.00054
1999,industrial,Prydz.Bay,36,benthopelagic>=90cm,0.0005,0,2E-05
1999,industrial,Prydz.Bay,528,demersal<30cm,0.036800001,0.00058,0.00753
2000,industrial,Prydz.Bay,32,benthopelagic>=90cm,0.016890001,0.00363,0.00034
2000,industrial,Prydz.Bay,36,demersal<30cm,0.0019,0,0.00118
2000,industrial,Prydz.Bay,36,benthopelagic>=90cm,0.112520002,0.00035,0.070100002
2001,industrial,Prydz.Bay,36,demersal30-90cm,0.00367,0,7E-05
2001,industrial,Prydz.Bay,36,benthopelagic30-90cm,2.031219894,0.00155,1.265469941
2001,industrial,Prydz.Bay,528,benthopelagic>=90cm,0.00067,0,1E-05
2001,industrial,Prydz.Bay,554,bathydemersal>=90cm,0.843379974,0.00065,0.525430024
2001,industrial,Prydz.Bay,724,benthopelagic>=90cm,0.069090001,0.00388,0.00138
2001,industrial,Prydz.Bay,858,benthopelagic>=90cm,0.00035,0,1E-05
2003,industrial,Prydz.Bay,36,demersal30-90cm,0.00352,0,0.00051
2003,industrial,Prydz.Bay,36,bathydemersal30-90cm,0.00036,0,0.00023
2003,industrial,Prydz.Bay,36,bathydemersal>=90cm,0.259820001,0.0002,0.0052
2003,industrial,Prydz.Bay,36,benthopelagic>=90cm,2.558870084,0.00264,0.11199
2003,industrial,Prydz.Bay,36,rays<90cm,0.00014,1E-05,9E-05
2003,industrial,Prydz.Bay,528,demersal<30cm,5.724499817,0.356130011,3.420389994
2003,industrial,Prydz.Bay,528,rays<90cm,0.00071,0,0.00045
2004,industrial,Prydz.Bay,36,benthopelagic>=90cm,0.069360001,7E-05,0.00556
2004,industrial,Prydz.Bay,36,rays<90cm,0.00032,1E-05,0.0002
2004,industrial,Prydz.Bay,152,benthopelagic>=90cm,32.79598847,0.02672,0.86846002
2004,industrial,Prydz.Bay,392,benthopelagic>=90cm,4.626399994,0.25830999,0.092529997
2004,industrial,Prydz.Bay,410,benthopelagic>=90cm,1.152470004,0.00327,0.02326
2004,industrial,Prydz.Bay,528,demersal<30cm,30.59024939,2.231200032,17.14149942
2004,industrial,Prydz.Bay,528,benthopelagic>=90cm,0.00219,0,4E-05
2004,industrial,Prydz.Bay,724,demersal<30cm,0.049769999,0.00165,0.01608
2004,industrial,Prydz.Bay,724,demersal30-90cm,0.00023,0,8E-05
2004,industrial,Prydz.Bay,724,bathydemersal>=90cm,0.0416,0.00057,0.00083
2004,industrial,Prydz.Bay,724,benthopelagic>=90cm,0.05938,5E-05,0.00149
2004,industrial,Prydz.Bay,724,rays<90cm,0.166680001,0.00303,0.103840002
2004,industrial,Prydz.Bay,858,benthopelagic>=90cm,0.00447,0,9E-05
